4.183087079991751445e+00,-3.664910993558359031e-01,-1.457006733952021404e+00,4.346433060789954617e+00,-6.780728393803526766e-01,-1.531998261620158841e+00
4.164256032499213056e+00,-3.726313778894835838e-01,-1.420391422721662522e+00,4.360303171775369968e+00,-6.721388959231664462e-01,-1.484346562873062547e+00
4.145096778232885804e+00,-3.760007546513301491e-01,-1.476283740655102816e+00,4.373335080999208202e+00,-6.903678943124423872e-01,-1.322779862906679371e+00
4.171100153548571221e+00,-3.386978193970737738e-01,-1.511777345742080003e+00,4.349377724375219856e+00,-6.851675278513451595e-01,-1.140593730405661699e+00
4.238475372484391990e+00,-3.027890575246096061e-01,-1.759194519135353296e+00,4.248427575309951187e+00,-6.066941950778167447e-01,-1.104011845270613579e+00
4.294672949774466453e+00,-2.759072800800476677e-01,-1.713131314108152337e+00,4.087049166697216407e+00,-4.690169401395226090e-01,-9.017564712225696333e-01
3.193077666672206938e+00,1.007463034049556200e-01,2.592291103293824575e-02,3.495827107261808564e+00,9.798960221068646337e-02,2.030918125521243289e-01
3.295725453592651455e+00,1.627403638698982427e-02,-1.321603267753238276e-01,3.555699774987084449e+00,9.461925617638321240e-02,2.218665932716371303e-01
3.687850751518531034e+00,-1.106594525403379603e-01,-5.292239742786541967e-01,4.024956923542275966e+00,-2.262691169980446393e-01,-1.776137897537170274e-01
3.625950876393946753e+00,-9.731916600820689212e-02,-7.416631173704888447e-01,4.157763330880444919e+00,-4.254500660374940790e-01,-3.813308045421384129e-01
3.555798298744504482e+00,-1.056973961244721955e-01,-7.400744759195881928e-01,4.245079353871973105e+00,-5.622657955862040424e-01,-5.824464592775318028e-01
3.461294728737914994e+00,-1.111677146450461423e-01,-6.760653825745547296e-01,4.293982044876017312e+00,-6.248629365629233545e-01,-9.200449727339368167e-01
3.342698153707083897e+00,-6.961422852891355206e-02,-8.229851124194871304e-01,4.306036632441609946e+00,-5.640439231891296590e-01,-1.298994130993130769e+00
3.542370176037558771e+00,-4.693116218900549724e-02,-1.062222658437494749e+00,4.410546841270115870e+00,-4.607842045568674716e-01,-1.471112407144984369e+00
3.378175802049928400e+00,1.336717443911427002e-02,-3.533813163767179910e-01,4.455081289881558604e+00,-4.700952723320980242e-01,-1.536571534760280855e+00
3.492672521741674974e+00,-6.713375930962140435e-03,5.866353303870559116e-02,4.227635136906884306e+00,-2.907282550681452027e-01,-1.010343023804548102e+00
3.377479721024371884e+00,2.440263793302256592e-03,2.519474720411796209e-01,4.221317044418677611e+00,-1.866105685442109030e-01,-7.346602431351706430e-01
3.324085582362720892e+00,1.416338771598552870e-01,4.125495211373805815e-02,4.194080001079706577e+00,-9.258944282768168110e-02,-4.194771949826839319e-01
3.333237990729074784e+00,9.342123099502823436e-02,-4.317115189295026023e-01,4.135747167167870941e+00,-1.027546752207238526e-02,-2.958627711256163750e-01
3.328879210484307460e+00,-8.945179737118490182e-02,-1.128851668178921130e+00,4.455971691955247671e+00,-3.859726729704309189e-01,-9.146881486966385033e-01
3.485237339366835219e+00,-1.657974837073370455e-01,-1.351520804720544033e+00,4.417292762762186520e+00,-3.734971054519701794e-01,-4.866120932541528332e-01
3.572206951113428008e+00,-2.569340810564560984e-01,-1.293429753314979003e+00,4.390733003318342043e+00,-3.675769509272068247e-01,-2.088347158082279609e-01
3.627964823443435627e+00,-3.513738799520705891e-01,-1.436189385282564013e+00,4.397918611245098752e+00,-4.731021924669359113e-01,-8.504586722920947084e-01
3.709569564099591155e+00,-4.075476128537758314e-01,-1.013232837894990856e+00,4.438318950101080240e+00,-4.334567174995281325e-01,-7.472251375019590691e-01
4.139764711629905669e+00,-3.281888882399125462e-01,-1.361814507222542714e+00,4.558417596393779192e+00,-5.679843145591418896e-01,-1.032691225642116795e+00
4.281121813380570629e+00,-3.879238597292218316e-01,-1.416578754304915311e+00,4.587452541351563440e+00,-5.970142746132037770e-01,-1.386684370486900741e+00
4.408250806950869460e+00,-4.326388098121880521e-01,-1.282172872403379627e+00,4.620573647159060826e+00,-6.259719940968652141e-01,-1.434469775862538876e+00
4.494268311238949209e+00,-4.376788278193509130e-01,-1.386933040432079656e+00,4.633728714281514449e+00,-6.351040043904049304e-01,-1.471838309514775789e+00
4.546667749066816810e+00,-4.153501301160835157e-01,-1.478599165000405558e+00,4.622421933779435221e+00,-6.329603439109844354e-01,-1.453364214540408650e+00
4.575730723055072779e+00,-4.062761468455347025e-01,-1.424278644440124530e+00,4.616755036363028530e+00,-6.423634224631949996e-01,-1.485818855221860968e+00
4.583902444012089461e+00,-4.069569447162497133e-01,-1.439732397329069657e+00,4.617868806868476561e+00,-6.537406072495939302e-01,-1.594069875658510993e+00
4.606717719002939582e+00,-4.333943383074936317e-01,-1.415891179709497960e+00,4.355022704646628995e+00,-6.996096695215032746e-01,-9.311058700751807526e-01
4.587096948970144972e+00,-4.124922870298604605e-01,-1.341035523712339694e+00,4.376328122383580599e+00,-6.344379458173559083e-01,-1.019700621686013831e+00
4.559571669146123440e+00,-3.832070331641026506e-01,-1.304953160043177407e+00,4.404888376952277973e+00,-5.440422111461646892e-01,-1.130482981121529784e+00
4.526859300438424327e+00,-3.567250622726182430e-01,-1.324896018289204003e+00,4.439208313336392209e+00,-5.171665540056523680e-01,-1.239017407223355738e+00
4.485594047380011773e+00,-3.474439663829793079e-01,-1.563706500756192330e+00,4.466757164736622876e+00,-5.474777675379570718e-01,-1.344638428495174898e+00
4.439399060907560646e+00,-3.381454183666356417e-01,-1.654378738752875000e+00,4.483287926099857934e+00,-6.318012141352761235e-01,-1.487379792313195503e+00
4.315802334528898498e+00,-4.163588048514220707e-01,-1.356681162685499542e+00,4.509738736242132617e+00,-5.162785798831194262e-01,-1.428204708503515219e+00
4.261873424663116694e+00,-3.910704948572837902e-01,-1.226101911949769363e+00,4.538780144633424385e+00,-6.010364573410765798e-01,-1.572587964434380980e+00
4.204067844882577454e+00,-3.369260355221881387e-01,-1.134680298121958364e+00,4.568621906374647601e+00,-7.013467765095567907e-01,-1.652381261950422120e+00
4.110754488632789361e+00,-2.751297075457883601e-01,-1.124552742966392183e+00,4.576973381580891953e+00,-7.791779441243047444e-01,-1.677875802553011830e+00
3.961825262717173501e+00,-1.897985420151099278e-01,-7.710163624076181721e-01,4.558410500455175374e+00,-8.065268899369953948e-01,-1.597750751067361863e+00
3.599986401158306037e+00,2.810203597098848149e-02,1.247494039487117602e-02,4.490890686568386414e+00,-7.089711750857928818e-01,-1.379487427737100536e+00
3.379332041052630409e+00,1.021955109463549283e-01,-2.369553670214660096e-02,4.464854764450218561e+00,-6.540422652806207049e-01,-1.410821441255297959e+00
3.213801564487943185e+00,1.912265600056693715e-01,1.951810727491421760e-01,4.474172207182262717e+00,-5.467420114297143474e-01,-1.321948687453238014e+00
3.536153441314118240e+00,7.424898545410880957e-02,1.463156990491616856e-02,4.574108582682190338e+00,-3.757913713374140263e-01,-1.435003609984178530e+00
3.374292760970547533e+00,1.732959475227109358e-01,6.290892631186900674e-03,4.656559305128643800e+00,-4.020100880465091731e-01,-1.516211380885300608e+00
3.274080074199598123e+00,8.159441072593927313e-02,5.209912314961515772e-02,4.735408501480349308e+00,-4.455178399936153277e-01,-1.517006653222642498e+00
3.372830851227474280e+00,1.670494717183522437e-01,-2.076490056441260001e-01,4.801954745122601231e+00,-5.130245898195500143e-01,-1.540105405763781521e+00
3.598467017801079137e+00,7.843795990534109530e-02,-4.621174656312479478e-01,4.846034920705196036e+00,-6.191035593053985098e-01,-1.609641930799715848e+00
3.739445444153217224e+00,1.315597323324790846e-01,-2.083548438889331333e-01,4.818136379283792792e+00,-4.487709401256274599e-01,-1.765765623660568329e+00
3.821000874850530415e+00,9.718274998685388910e-02,-2.914781334108489941e-01,4.839029332269777939e+00,-5.406378407691945220e-01,-1.690312909534462893e+00
3.885419296572887760e+00,4.050775005591797373e-02,-4.843634435735548194e-01,4.856967270444759066e+00,-7.115099287461833510e-01,-1.744514342549452923e+00
3.699187098111158534e+00,-1.645045445559847330e-01,-1.538955734686630883e-01,4.935963256450168757e+00,-5.026300729866364225e-01,-1.830934382580493347e+00
3.779560073850967150e+00,-2.126271058013281257e-01,-3.527917649059816307e-01,4.905305874861800142e+00,-4.729901576442675504e-01,-1.990506640242123870e+00
4.138879587709455521e+00,-1.500565401879587757e-01,-1.122041023877241361e+00,4.934764721345476168e+00,-6.530406178380842031e-01,-2.179050496170803708e+00
4.258302445261909597e+00,-2.181294795393252939e-01,-1.361163561325910543e+00,4.907831695024859719e+00,-6.430404046379059047e-01,-1.924402364646395469e+00
4.327805849329700472e+00,-2.874868337761167791e-01,-1.613966871591980379e+00,4.863652483668544413e+00,-6.222743982495440029e-01,-1.688203691386388261e+00
4.198493630053570236e+00,-4.121869357471578121e-01,-1.335193221837108091e+00,4.893934941981653353e+00,-5.442526565003745764e-01,-1.625383364796192387e+00
4.253895486832422357e+00,-5.122276612821321518e-01,-1.502290810779020713e+00,4.836528931173450729e+00,-5.635112566275273238e-01,-1.849550606842003564e+00
4.313854795491889327e+00,-5.745852718542943105e-01,-1.641890150151207983e+00,4.773962628189251767e+00,-5.632456551950358881e-01,-1.678718538362885315e+00
4.375188996767897187e+00,-6.130162422762421848e-01,-1.694515826831720862e+00,4.701668647193259609e+00,-5.774512345374603894e-01,-1.514942778234726006e+00
4.312206919165053165e+00,-7.508513000799345027e-01,-1.636496695726546102e+00,4.475302010514640827e+00,-5.499511287738857446e-01,-1.355516403987506502e+00
4.331839046020729000e+00,-7.810076912817333072e-01,-1.571070735320508671e+00,4.355531519262894058e+00,-5.850198954015972674e-01,-1.424898355109948778e+00
4.331448626733101825e+00,-7.364101719198536955e-01,-1.577858304891732510e+00,4.200819749572750617e+00,-5.759606450919806386e-01,-1.094414801025390016e+00
4.310830273231601950e+00,-6.882439467923747722e-01,-1.591676859477928030e+00,4.028786508249634579e+00,-5.687441730280197172e-01,-9.914109138324292969e-01
4.170351389271933051e+00,-4.894932187836764648e-01,-1.573844737745017985e+00,4.195812293620177158e+00,-5.936690376915736422e-01,-1.278864619144415071e+00
4.065051098215391789e+00,-5.700678314497303889e-01,-1.268112239495797544e+00,4.240206268426239156e+00,-4.138109084718079589e-01,-1.355403304164485068e+00
3.940943092059736141e+00,-6.218870669886941149e-01,-1.372264094394207712e+00,4.280515511737466916e+00,-3.162143449874165735e-01,-1.205780724208837862e+00
3.797490605838016897e+00,-5.675657192299167209e-01,-1.150998220688246976e+00,4.322284903219429708e+00,-2.675066090770832350e-01,-1.177128532282954554e+00
3.650524730639200133e+00,-4.919964503181542548e-01,-9.725549656397146636e-01,4.367379979629863129e+00,-2.664017416370296765e-01,-1.230015679147457464e+00
3.567443572528107953e+00,-3.793373004898683565e-01,-1.199752027327285919e+00,4.403430899685956135e+00,-2.935585391337005579e-01,-1.317167995294803218e+00
3.649897785006499085e+00,-3.347347679127645748e-01,-9.101629110560107705e-01,4.425218275698661330e+00,-3.307255158551843377e-01,-1.345553583731690317e+00
3.851976456089859724e+00,-3.851806087627416830e-01,-1.117891588181997742e+00,4.445630103812409750e+00,-3.873735286430632363e-01,-1.090992336778866534e+00
4.049348402569805216e+00,-4.465520751554439838e-01,-1.304564495941052282e+00,4.474254497352146309e+00,-4.533676369593164779e-01,-1.004832550514694445e+00
3.920686863308810999e+00,-3.063403767354523355e-01,-1.060058583274154698e+00,4.526909072406068546e+00,-6.251251985032802994e-01,-1.451376900377871815e+00
4.112512039707390876e+00,-1.095135690692538161e-01,-1.059141071175097482e+00,4.724801829669782016e+00,-8.105069731743327344e-01,-1.896141123197811140e+00
4.171632023520915666e+00,-1.736395511325254382e-01,-1.439830594565517208e+00,4.879210221505030809e+00,-9.267440583037785951e-01,-2.157218247757705765e+00
4.162581037482300239e+00,-1.719964936460028349e-01,-1.459945071753047774e+00,4.864214417743408347e+00,-8.355543888100668282e-01,-1.895484451707112106e+00
4.062352386641481239e+00,-3.280665990533384591e-01,-1.256110802351762201e+00,3.878222080591370080e+00,-1.641352301957544890e-01,-1.295869712207037006e-01
4.128986506037431781e+00,-3.237654529387989921e-01,-1.189484555746918470e+00,3.981637517895361800e+00,-1.417742899550044899e-01,-2.664317490906819574e-01
4.187147466275288110e+00,-3.091673424576778517e-01,-1.211272706495519769e+00,4.074186830328929254e+00,-1.228708255234961383e-01,-4.323195327520001352e-01
4.049113700033909247e+00,-2.405324184267977894e-01,-1.136980455938993773e+00,4.599682605893862686e+00,-5.251859107023674200e-01,-1.298711943954882209e+00
4.159835100082427850e+00,-2.926958224973514877e-01,-1.290787399184441853e+00,4.648595546881548302e+00,-4.889325888674639908e-01,-1.412754054600515063e+00
4.309505736021765898e+00,-1.678082551880477891e-01,-1.159165723424399941e+00,4.655646545613802090e+00,-3.459221733370115848e-01,-1.557821399074009072e+00
4.298464191294401715e+00,-1.438990020308094087e-01,-9.622519805847550289e-01,4.567789166459226280e+00,-2.261003914235689971e-01,-1.334262612031392070e+00
4.305611138068445420e+00,-1.168923823023536868e-01,-8.251113524949471589e-01,4.541402245609514665e+00,-2.248058190421947100e-01,-1.255996994277066570e+00
4.327910603520727761e+00,-1.140845543001866302e-01,-8.503878941320859308e-01,4.505424132427631179e+00,-2.292223400035462155e-01,-1.171419839715611921e+00
4.356873167256845036e+00,-1.077399790891380715e-01,-9.628881491678719096e-01,4.461179289379693103e+00,-2.326256087065488309e-01,-1.092732741810710007e+00
4.385617259425066194e+00,-9.570324843737133824e-02,-1.006057584523311954e+00,4.404468906982560661e+00,-2.410296911092720262e-01,-1.009802290231787136e+00
4.164379182585939532e+00,9.173736462753015464e-02,-2.272598306357172804e-01,4.516303166281115722e+00,-2.179979225355515859e-01,-1.285804050038520607e+00
4.162638610068448486e+00,1.104196427753140197e-01,-1.993420650301951091e-01,4.466874543145783250e+00,-2.737183011189295301e-01,-1.268768961085252167e+00
4.239227506333725692e+00,2.289597544550097882e-02,-7.436471746001602767e-01,4.069996864210120968e+00,-2.270709594540468168e-01,-5.425397706715537893e-01
4.242464009175945350e+00,-2.013535295670964773e-02,-7.722892196890701610e-01,3.988857308459918816e+00,-2.774929168488566855e-01,-6.389026889234717954e-01
4.242542302646112873e+00,-4.419399091811303942e-02,-8.559809270008476023e-01,3.896927908971700383e+00,-2.989604484063292378e-01,-4.330561573785223772e-01
4.228631751985090226e+00,-4.484237644137180345e-02,-8.485364626965233859e-01,3.797774647829633032e+00,-1.707248023137958037e-01,-6.012781924684073021e-01
4.169336029965113433e+00,-1.849315859531355799e-02,-7.798516057968397641e-01,3.695865555776932876e+00,-3.365472319372525556e-02,-3.556066976341080710e-01
4.047985258993844759e+00,3.488255499029051937e-02,-7.142051933576430978e-01,3.593664398380914449e+00,4.483151291153166657e-02,-1.506784577387765278e-01
4.276867602864279583e+00,-5.498684541983342444e-02,-9.412493062211237937e-01,3.854663875869767775e+00,-2.610910873786671527e-01,-2.569318887919834205e-01
4.240240141688995656e+00,-7.003594166771173746e-02,-1.002037923560630039e+00,3.833480841328930744e+00,-1.017770720050286543e-01,-1.974768278646655550e-01
4.166743040195776793e+00,-8.172596293601117057e-02,-1.036496016120509012e+00,3.865241805790468721e+00,-2.929162730716155724e-02,-3.319134485019711086e-03
4.035335097239810764e+00,-3.244134909397999866e-02,-9.129314900324999593e-01,3.891663869945723775e+00,5.255914630668494410e-03,-1.815153401894217811e-02
4.314528336754805515e+00,-4.094011967799609519e-01,-9.512481919449189416e-01,3.877303084616438245e+00,9.343078723335308811e-02,-8.332982362114772779e-02
4.322815851145590749e+00,-4.149859854241955137e-01,-9.942736718092051174e-01,4.017758741907900166e+00,2.124841102956718727e-02,-5.421526920148443951e-01
4.293450026129808528e+00,-4.047301252126331295e-01,-1.239199311476318233e+00,4.161106588268294715e+00,-9.472063345297465631e-02,-8.149602092025908240e-01
4.256148495615067695e+00,-4.574745065862445559e-01,-1.140400660547487677e+00,4.294458095854147395e+00,-2.043531677780106026e-01,-9.030752834932778139e-01
4.240309910641458124e+00,-4.075805366297314825e-01,-1.040526587328868935e+00,4.439330049743891671e+00,-3.160633451234046154e-01,-1.223004463422456611e+00
4.244974165304195246e+00,-3.339978679285893204e-01,-1.067903215153638952e+00,4.539594449590480529e+00,-4.100420170220689386e-01,-1.351689468628334057e+00
4.252734676047626117e+00,-2.973582998377696796e-01,-1.037674177692123445e+00,4.607516182018438933e+00,-4.941288020527146996e-01,-1.487974345985980662e+00
4.249037435658066464e+00,-2.824092873675299042e-01,-8.047052919982652375e-01,4.653409036734935000e+00,-5.730806867633022605e-01,-1.704734344398689982e+00
4.234232128138388340e+00,-2.639895672390092374e-01,-4.922970061210225623e-01,4.690051408600989902e+00,-6.384942624510709930e-01,-1.854205582079771597e+00
4.213882524780047767e+00,-2.402984412462340347e-01,-4.889094629603549930e-02,4.724970367402614890e+00,-6.733283348340856067e-01,-1.868314853186479274e+00
4.179663389990394329e+00,-1.978698937344026410e-01,6.947396740732215970e-02,4.755505500615685222e+00,-6.788405044449229431e-01,-1.897601446356236510e+00
4.111159323635744656e+00,-1.331470112900957903e-01,1.240423547608743154e-01,4.776046284467760472e+00,-6.704866778655600434e-01,-1.792481625252182686e+00
4.029068082411326301e+00,-1.144879521164059305e-01,1.213909649481692832e-01,4.770207830729036758e+00,-6.815311129890571085e-01,-1.919402155584025715e+00
3.951776047048612295e+00,-1.035213486168446995e-01,1.402184304569331352e-01,4.754146660520821577e+00,-6.680873753130449622e-01,-1.972540149766281337e+00
3.892841278606224531e+00,-1.381064921255256428e-01,1.347762702655919409e-01,4.733664583866414866e+00,-6.110034892057979450e-01,-1.774561137026784419e+00
3.850775379238351004e+00,-2.592552772282089579e-01,9.052938532422635451e-03,4.707345368478160985e+00,-5.408558414073195708e-01,-1.761009558561295041e+00
3.830831631405934079e+00,-3.001531480064115187e-01,-1.953149041443797140e-01,4.674815541639281591e+00,-4.751014523567561598e-01,-1.792927012554953237e+00
3.864847864102518127e+00,-2.851995258382021836e-01,-4.593444562652998497e-01,4.637265729936063785e+00,-4.315349971069373791e-01,-1.703726080942544518e+00
3.920715575909418327e+00,-2.624276578330912990e-01,-4.444607924598704130e-01,4.588774112837370467e+00,-4.075423134147634907e-01,-1.412582123329531480e+00
3.946466323099591555e+00,-2.289481575320550799e-01,-4.495794589002664043e-01,4.517781173453039756e+00,-3.906066246339158776e-01,-1.109457895810282313e+00
3.921329368807126681e+00,-1.991170829409121823e-01,-4.326104269953507386e-01,4.449775268844601506e+00,-3.778416841768708623e-01,-1.160068285190693160e+00
3.871794028504460972e+00,-1.613775463016293987e-01,-3.808030139563710059e-01,4.393717884110820648e+00,-3.573598418191902826e-01,-1.094773646983902005e+00
3.846353690690430316e+00,-7.719167576537891429e-02,-1.038220705517992337e-01,4.641134261707991371e+00,-7.265864229392134943e-01,-1.626540800295641409e+00
3.794642033676542958e+00,-6.639597884569448105e-02,2.627804041487355469e-02,4.628952083348656821e+00,-7.659365134968906252e-01,-1.626759351943690701e+00
3.586651928586451543e+00,1.252715397120904572e-01,3.010492899039460823e-01,4.449500019934346184e+00,-6.932589090513741059e-01,-1.027122695026763344e+00
3.520251225619768665e+00,1.636343299311602550e-01,3.231824073168534928e-01,4.428844024317587724e+00,-7.218712949151935288e-01,-8.986765082076851874e-01
3.457901672692491157e+00,2.442416143367479031e-01,3.550842712155211078e-01,4.386245322531673096e+00,-6.874949003464131403e-01,-7.959785349877757099e-01
3.435643439996531434e+00,3.172611103066034777e-01,2.228644528912691325e-01,4.343260395974628096e+00,-5.575659083719498588e-01,-8.683920902808396347e-01
3.489780411917033032e+00,2.447831126653456368e-01,1.492600756778423576e-01,4.371245340669310586e+00,-3.870754944799704167e-01,-1.155952354115944880e+00
3.869630335536367927e+00,-5.160959251613728843e-02,-1.352796093549533951e-01,4.712041581118008970e+00,-6.337740015451106546e-01,-1.563360164036526223e+00
3.982016973841210561e+00,-1.867541631079031594e-01,-7.775020644873682496e-01,4.723643400579854656e+00,-5.949966753434042799e-01,-1.575901136143508019e+00
4.081374895844527728e+00,-3.623847437543603056e-01,-8.013856998384383257e-01,4.722627980997635255e+00,-5.684590280595687162e-01,-1.713668791173642125e+00
4.158824108015580556e+00,-5.487916865762900720e-01,-8.932796810855543335e-01,4.717964901336030081e+00,-5.506869432308315604e-01,-1.819867614433236414e+00
4.225871103285853358e+00,-6.919967979297507732e-01,-9.371490410361190682e-01,4.719069544028190677e+00,-5.443608192751394625e-01,-1.666235250655055289e+00
4.283967621807384774e+00,-6.696379730052883783e-01,-9.250121970370154267e-01,4.715496561813531606e+00,-5.441885229063332385e-01,-1.524309099162102221e+00
4.324668641068269537e+00,-6.071181657656575803e-01,-8.685358892761951832e-01,4.695528965302274926e+00,-5.462142455813890907e-01,-1.465658463096516151e+00
4.344249990730430611e+00,-6.345180802604168946e-01,-1.031278422904018610e+00,4.624119824650939847e+00,-6.277437443118534244e-01,-1.499285561650999465e+00
4.358126474688154950e+00,-6.098778956048437339e-01,-1.059423391274104231e+00,4.626923513747973615e+00,-6.645495023161160919e-01,-1.665978833958605909e+00
4.356930563389521005e+00,-5.774449991725432163e-01,-1.195660493089630405e+00,4.626950604657810828e+00,-6.802698152866484271e-01,-1.748460034046629641e+00
4.331812457327249177e+00,-5.024705838201810604e-01,-1.397654606489894480e+00,4.623920159267920660e+00,-6.823518552301857110e-01,-1.703394354204839090e+00
4.282745072670145703e+00,-4.157711431025410409e-01,-1.366607787776210836e+00,4.618939148720700771e+00,-6.637966694635367704e-01,-1.618126160666070179e+00
4.213152928677196485e+00,-3.432583902175653234e-01,-1.170370586820343561e+00,4.610256775593613909e+00,-6.089711962335817574e-01,-1.541017166324490928e+00
4.123341898293452878e+00,-2.660708094732137097e-01,-9.314809345288422859e-01,4.593973380080735858e+00,-5.428731384127519766e-01,-1.384650371437279093e+00
4.042042478538777850e+00,-1.704277221309317691e-01,-7.714365261795534945e-01,4.565288379207141034e+00,-5.078717415150968417e-01,-1.253630085746036515e+00
3.996027929022794911e+00,-9.326063769024380001e-02,-5.478469230829944303e-01,4.525384425175848158e+00,-4.838598958194179067e-01,-1.127282374785284036e+00
3.986212628617169962e+00,-2.701244461617546833e-02,-1.344619724583680787e-01,4.478197829409522157e+00,-4.362483897508018238e-01,-8.592937796248525384e-01
4.003662645303423417e+00,-8.606222083584398261e-03,-1.486084857289184970e-02,4.416558151845978664e+00,-3.818566778813990426e-01,-8.374312892192660174e-01
4.018157992198853279e+00,1.200484189948809212e-02,-4.314088125598346951e-02,4.335856279904231947e+00,-3.357873663150373611e-01,-1.032754138731134752e+00
4.003026404549316020e+00,6.722205649418465379e-02,-3.533685969533756181e-03,4.251102159466602970e+00,-3.042419791358572101e-01,-1.177071027408850279e+00
3.976075011343977117e+00,1.096870721827250261e-01,2.984941887967514432e-02,4.171578817387118221e+00,-2.896978983742320435e-01,-1.331037865877155557e+00
3.971777848436846892e+00,1.480442449579923159e-01,9.287783145962826004e-02,4.094638509027400453e+00,-2.806305727085605661e-01,-1.181704835426812927e+00
4.234041383012355553e+00,1.427751297760081368e-02,6.770661780709698319e-02,3.975047066094816728e+00,-1.442265860418946999e-01,-8.728336148042591391e-01
4.236623768451233119e+00,3.583917322171546738e-02,3.870695140320130900e-02,3.951796703063015226e+00,-9.578937296973759341e-02,-7.388047226324514494e-01
4.219520892398740841e+00,5.916193199531167429e-02,2.915911113583637485e-02,3.940193517696894965e+00,-4.813480405356233838e-02,-7.224501060423094145e-01
4.192595552348142185e+00,-4.489609837321917318e-02,-5.051534959722182860e-02,3.659248704781518313e+00,8.262112224540370253e-02,-1.211588881223357589e-01
4.194199110623257454e+00,-7.314086944375096377e-02,-3.659305851309428009e-02,3.563167516432324877e+00,4.538703476550022542e-02,1.004271439494662799e-01
4.182842068071342290e+00,-9.099243224779146599e-02,1.402730043839542058e-03,3.506332696001353444e+00,-2.007569635700103342e-02,1.775680027493772573e-01
4.148150045926028540e+00,-8.227179449809492173e-02,8.828190883862974125e-02,3.508594264515793260e+00,1.482081659819931008e-02,1.211091124435022537e-01
4.075964782679983855e+00,-4.133055038737168396e-02,1.188290883332785847e-01,3.598711929031388923e+00,4.278494683955254285e-02,-1.131498498773982342e-01
3.996481879988999175e+00,-7.894988577354855597e-02,1.174045285619949724e-01,3.762732167297007102e+00,3.296169752320167803e-03,-2.073202119011508249e-01
3.923500286193375430e+00,-2.202815716063032114e-01,-6.303423645974140510e-02,3.901536244979731283e+00,-6.664957957934861121e-02,-3.081123237966735262e-01
3.925963186822033268e+00,-1.354630667729969373e-01,2.190330229505079752e-03,4.029066897410031878e+00,-1.290907913705059695e-01,-5.362606206331177461e-01
4.042729006693448923e+00,-1.541346297926400877e-01,-1.236791579068283048e-01,4.143023439816968079e+00,-1.884153885437514775e-01,-7.183902716365245800e-01
4.158622687084172931e+00,-1.820516947344991143e-01,-5.306353982312135287e-01,4.234492768577141852e+00,-2.476128227728079390e-01,-7.075785971416826969e-01
4.256077843153796003e+00,-1.883931265009322342e-01,-6.682475554830097364e-01,4.306479737967592314e+00,-3.249991153751866091e-01,-6.949710213347964904e-01
4.338257564431007296e+00,-1.923738223989109319e-01,-4.586232308669261903e-01,4.352664150523909647e+00,-4.032683850045533092e-01,-9.848910823090535338e-01
4.399704095678833582e+00,-1.975157144907933315e-01,-4.741499936742366583e-01,4.368300176058800055e+00,-4.738379447392283006e-01,-1.340482635440349846e+00
4.520771764819176752e+00,-2.850848112682438096e-01,-1.321824663981090886e+00,4.447444112173128516e+00,-6.612907778144354598e-01,-1.555512378612279090e+00
4.513157547967927563e+00,-2.971911163415955071e-01,-1.314667812523448553e+00,4.402997019388434019e+00,-7.113515410332864608e-01,-1.610339563777107408e+00
4.491468989605926332e+00,-3.888103084764812922e-01,-1.325737624031887218e+00,4.466464194444167646e+00,-6.546164435767239942e-01,-1.910082574540681088e+00
4.434536312464445906e+00,-3.119130163854960669e-01,-8.754310711771392528e-01,4.442006806590437229e+00,-5.495636780247625808e-01,-1.666049993707420462e+00
4.389109471330828072e+00,-2.531228617801388747e-01,-4.993225545378255359e-01,4.435447359116997390e+00,-4.710298001002174439e-01,-1.585179925154575731e+00
4.532716458805733595e+00,-3.851083146924710876e-01,-1.415988732787375470e+00,4.617294751492015514e+00,-5.068941149995126461e-01,-1.666949807182304788e+00
4.506586121154097846e+00,-3.858927803116611321e-01,-1.351952042481181282e+00,4.638946126535534731e+00,-4.942413886725907646e-01,-1.661475741368593440e+00
4.475172157365399528e+00,-3.912464220282136362e-01,-1.274152520917871678e+00,4.632581532206842212e+00,-4.861518707711566800e-01,-1.695278331255289483e+00
4.445709447965609407e+00,-3.933037391079187151e-01,-1.029015899186541239e+00,4.583991300585276818e+00,-4.753273456930689478e-01,-1.534064646232839113e+00
4.408443508066477001e+00,-3.215870480229749417e-01,-1.031276352478114777e+00,4.525418266050093230e+00,-4.482154850225755771e-01,-1.299998127621206478e+00
4.351248730382081931e+00,-2.299321767905468106e-01,-1.031883421170623150e+00,4.467597494676587289e+00,-4.099121668344795633e-01,-1.022412816686341541e+00
4.290461473222798361e+00,-1.784602202931418746e-01,-1.212463843014624176e+00,4.412327512554175435e+00,-3.898350280831224257e-01,-7.832959162357646665e-01
4.234160474315928901e+00,-1.472108974555019489e-01,-1.331840387229509259e+00,4.370568615344490482e+00,-3.958860853397463408e-01,-8.918152824958709424e-01
4.184700006120412041e+00,-1.198049161221987347e-01,-8.822540388794932742e-01,4.338258248084199131e+00,-3.721018852404970323e-01,-5.640718994408876474e-01
4.431294111689379811e+00,-2.998039958804821214e-01,-1.034306763539937002e+00,4.321948358273330904e+00,-3.235116826912474153e-01,-1.113952493316529013e+00
4.087840868879295542e+00,-1.098324500030280482e-01,-9.148277249642340347e-01,4.226805355162060351e+00,-2.651544535262941316e-01,-5.631216623494627038e-01
3.711839870407594777e+00,7.333415433965480290e-02,-4.528276929122695416e-01,3.813054256126127584e+00,-1.269570075086368099e-01,-1.603861351055928253e-01
3.709180882363270371e+00,4.938461812664250716e-02,-6.378408821977592513e-01,3.733533087399606654e+00,-9.249348018793593362e-02,-1.116047849259333424e-01
3.650122473663437450e+00,5.518359449876696077e-02,-3.267326368985533636e-01,3.635997944381348379e+00,5.566801794696049979e-03,-4.426672825188405873e-03
3.584910520444234194e+00,9.379211143090614156e-02,-2.747809702056147052e-01,3.792493515883645472e+00,-8.920246730272768376e-02,-6.185963770778190457e-02
3.463894507125294009e+00,1.624851575097188139e-01,-9.385683357063077936e-02,3.666906728199216481e+00,-3.893157973480798617e-02,-2.306795847651671102e-02
3.394963300741468348e+00,1.748264574719821940e-01,-1.705192771606535733e-03,3.537764040907324326e+00,2.976475100604610013e-02,5.314966853506837563e-02
3.342966931363905214e+00,1.611570057376680576e-01,1.188251590539690511e-01,3.408311060825241157e+00,1.331976896866544566e-02,2.315946697053573033e-01
3.246139422544132458e+00,2.096905138744298569e-01,1.770771410067477070e-01,3.291898402218663033e+00,6.809481884794492401e-02,2.450506362475653455e-01
3.619111139898000040e+00,-2.813871913501758693e-02,1.816302958529665557e-01,3.284572717384422358e+00,6.010268459152366682e-02,2.167478468861147034e-01
3.566957186054553031e+00,7.029028169718506969e-02,3.000157912694736417e-01,3.334012588353250983e+00,8.607931503390514605e-02,2.658833557108364332e-01
3.530705266855991287e+00,9.990748966221725536e-02,2.596041753109438188e-01,3.432787414972847451e+00,9.231760135904264197e-02,2.355100673813858569e-01
3.589315600805088380e+00,6.567385576064230235e-02,1.861098884275545484e-01,3.537596155656389740e+00,6.304533471152559687e-02,9.536559355590550069e-02
3.660828721940207586e+00,2.601130507155038907e-02,2.466482583479124857e-01,3.640166363057594445e+00,3.535615156457395936e-02,-1.012586353359189693e-02
4.273614350938459872e+00,-3.215085091318130028e-01,-5.672795000988839487e-01,3.671958437026026090e+00,5.581174048479110167e-02,1.462226721355681935e-01
3.532355640196863433e+00,4.409155539935770245e-03,-3.731002593717678839e-01,3.465074491215843100e+00,-8.805948694791357334e-02,-3.774519205328277227e-01
3.488077952911643020e+00,6.081759327187311742e-02,-4.295863986508058896e-01,3.483231296323453741e+00,-5.413155112620361697e-02,-7.092864172377887355e-01
3.425749290533171898e+00,9.661991308355902253e-02,-4.837138899429624384e-01,3.557292392474509235e+00,-5.586760826804941515e-02,-9.087779358556931086e-01
3.433087472107658300e+00,-3.102109946750694625e-02,-1.166756965372353280e-02,3.927289492063226195e+00,-2.397887505906988181e-01,-1.335923608764747028e+00
3.520392755385362005e+00,-3.613638309655357594e-01,-2.353608232960679482e-03,3.921843096214306268e+00,-2.459681512368092349e-01,-1.384963409370232545e+00
3.429052319864786647e+00,1.661761253346496214e-01,6.428758704875303653e-02,4.095850909318154542e+00,-2.290420905652531536e-01,-1.325482882129828122e+00
3.413572585841238460e+00,2.678791587614136049e-01,-2.948286727565123735e-02,4.069758739036326567e+00,-1.962367964664426534e-01,-1.256579651878571235e+00
3.370971225136984106e+00,2.836279954482575083e-01,1.549493758512225129e-02,4.024626117086853583e+00,-1.573637851864133907e-01,-1.180906095589118410e+00
3.312237016951027346e+00,3.057523725201987674e-01,1.002543729589348426e-01,3.972876750528707479e+00,-1.106455145198855933e-01,-9.651012274749306563e-01
3.318759303030828889e+00,2.936361929843820939e-01,1.117632443626192656e-01,3.936578585965811339e+00,-5.609176888545953227e-02,-7.918879143495161088e-01
3.398642606314659087e+00,2.223539618120576322e-01,7.518321195337412943e-02,3.925527893324216144e+00,-3.443459244383732798e-02,-6.766093618297207568e-01
3.498827369984571778e+00,1.365276048424623467e-01,3.121286109905400952e-02,3.923007845034690355e+00,-5.305534253658573951e-02,-4.989940091370863584e-01
3.592332846663393475e+00,3.345717314413867299e-02,-2.391074711331813915e-02,3.911768267323028514e+00,-7.178341598389913203e-02,-5.383375625612112358e-01
3.678297006359192878e+00,-4.457820273627752239e-02,-7.900976597469755447e-02,3.901635458639213017e+00,-8.247149580274784619e-02,-5.209965560442366694e-01
3.746500868926142314e+00,-1.261212890718326485e-01,-1.836032306517420554e-01,3.903292152860066810e+00,-1.124746660167970647e-01,-5.605516600822698647e-01
3.484439218855571063e+00,-5.569745281468940767e-02,1.086498764778399545e-01,3.715667663454022218e+00,-6.679157222011632145e-02,1.742752369875680274e-01
3.449423578662328627e+00,9.678358042350766743e-03,-8.876220411115201547e-02,3.620238786704245815e+00,-8.735375285672085030e-03,1.041219926849772381e-01
3.507303038414950613e+00,1.919798846985457802e-02,-3.187513914939190118e-01,3.552807492727723560e+00,-1.054046829096787555e-02,6.783944386450598170e-03
3.608064986814766506e+00,-5.867325686911227522e-02,-6.490070350970467139e-01,3.534207899588893476e+00,-3.791458329905815494e-02,-7.854502732162044198e-02
3.736834051455903527e+00,-1.950628056696891988e-01,-7.008915170626078828e-01,3.576460910308111085e+00,-9.866956963717368745e-02,-1.209057601931587678e-01
3.858710886981463251e+00,-3.427506389485996396e-01,-7.481421200532679672e-01,3.646697031506210163e+00,-2.082103944083902036e-01,-3.358155297354521451e-01
3.958290712144424184e+00,-4.448101408410801150e-01,-6.943081258938545997e-01,3.725607667749663232e+00,-3.146837044210574197e-01,-3.563909426101698474e-01
4.032810504991183542e+00,-4.622894106334293762e-01,-5.903550885637345313e-01,3.834863910138811338e+00,-4.041435320432603673e-01,-4.234645688898014404e-01
3.882838213873630817e+00,-3.432346477156065223e-01,-5.214233580557391390e-01,3.682219774799120771e+00,-3.088550521496142842e-01,2.142218583121246328e-02
3.831394563296005362e+00,-2.624155606419273368e-01,-4.478326198697595295e-01,3.702776637351875344e+00,-2.005537489831776821e-01,1.755884420736649951e-02
3.767560828368828663e+00,-1.990938021736236574e-01,-4.371652491635790727e-01,3.696097227736923507e+00,-1.699059124066674975e-01,-1.465851603302338602e-01
3.735965316770010425e+00,-2.081944040891641201e-01,-2.571101589797164522e-01,3.692930471242338974e+00,5.197841435268858029e-02,-8.930767191207854283e-02
4.104626164034092639e+00,-2.954154047522113413e-01,-2.183675789095114728e-01,4.168492467628982290e+00,-3.707426568870049177e-01,-1.067396913645482615e+00
4.117262786546486808e+00,-2.750521818107015126e-01,-1.497002192682003185e-01,4.121488294016569576e+00,-3.065214225583400842e-01,-1.036799772351969962e+00
3.910808166412147902e+00,-3.587542334524393972e-01,-2.370054701175517906e-02,3.798895028140650165e+00,8.258219115272165747e-03,-3.258643627762509154e-01
3.946599717074613434e+00,-3.578856853475341215e-01,-5.125109235447448952e-02,3.808769861427916847e+00,-1.920783354995173400e-02,-2.626762171452150518e-01
4.373217168441725811e+00,-4.832438431152093483e-01,-1.198933849292744602e+00,4.002392637937512099e+00,-1.400511900631765116e-01,-8.776712502528917215e-01
4.338842237833394400e+00,-5.208007953670773515e-01,-1.373632032288421678e+00,3.941289930106762540e+00,-1.254567972136321485e-01,-8.406888956876096275e-01
4.280218365540234160e+00,-5.340954645187552252e-01,-1.464061226400183324e+00,3.878253403310881531e+00,-1.185822858304377142e-01,-9.448648298769117826e-01
4.218899485494826962e+00,-5.275104566492547775e-01,-1.608952018164997444e+00,3.826681690725723062e+00,-1.032971117177029496e-01,-8.257518999678641336e-01
4.157768885081703836e+00,-5.220677857530221511e-01,-1.594617498280563206e+00,3.790142597204861463e+00,-7.960864976892027822e-02,-8.028329679698343879e-01
3.912538084330948518e+00,-5.262845628700983935e-01,-8.653730395958442179e-01,4.038047621857295155e+00,-2.488786803593143540e-02,-7.792523700061886327e-01
3.929915934436024827e+00,-4.499361926333450556e-01,-8.630046239033907218e-01,3.971888871786076969e+00,2.909580257073855411e-02,-4.614290104115095215e-01
4.005314654692892162e+00,-3.681976702114133082e-01,-7.926288458512498192e-01,3.887008870397050675e+00,8.598556396564978332e-02,-6.985895350915743984e-02
4.079138394821479885e+00,-2.617757274232775377e-01,-6.622982812207989234e-01,3.774899803316855262e+00,1.342859509625209669e-01,9.180129204114406694e-02
4.103322880394835614e+00,-2.040451755966448122e-01,-8.608036844251842901e-01,3.699572527072719552e+00,2.298830826001835581e-01,2.525280147949347520e-01
4.091833414538667668e+00,-1.890565137165927390e-01,-1.102364640827466324e+00,3.772491868290724248e+00,2.259044328570355975e-02,8.566106854287973416e-02
4.288790823814838227e+00,-3.450027713895205128e-01,-1.369885431510574181e+00,3.809383076092498932e+00,1.186303888714152210e-01,-1.255966557405950867e-01
4.109176342295169704e+00,-2.143949578534313227e-01,-1.224542111922267695e+00,3.716259494987595335e+00,4.136395757444762122e-02,-3.158672960991737999e-01
4.302958315878916196e+00,-3.504293404488975638e-01,-1.635067179641666035e+00,3.660645301390677897e+00,-5.199869390750726456e-04,-5.568245319767784612e-02
4.088892451304021236e+00,-2.916377839298920360e-01,-1.314768900606357205e+00,3.709281852167225502e+00,1.065809133088023442e-01,-2.946925851344512348e-01
4.055237072229887829e+00,-3.184523873642456926e-01,-1.255538852179535203e+00,3.671000140832603620e+00,1.581256350542163680e-01,-2.199872309434472706e-01
4.048176917884152459e+00,-3.342471380313093432e-01,-1.185195667944586528e+00,3.668637912813097035e+00,2.033969265019321682e-01,-3.125409838646473482e-01
3.975371656261684983e+00,-2.633770614798174869e-01,-8.201602132660668065e-01,4.173890246380877578e+00,-4.152075024528603664e-01,-4.778709239780585261e-01
4.067085427510132689e+00,-3.109828963548756930e-01,-9.227569248612067510e-01,4.295433139020081725e+00,-3.557552887377548601e-01,-7.677791117871825000e-01
4.210426936833052025e+00,-3.437107210699699711e-01,-1.025031811474981680e+00,4.129780922874785709e+00,1.529845375618981429e-01,-4.214674117601232006e-01
4.291737104523417834e+00,-3.168372356690195013e-01,-1.314550244212085550e+00,4.242413670680537763e+00,1.201963969564859847e-01,-6.271610237859687187e-01
4.352206209205685461e+00,-3.002217895740592057e-01,-1.301514262111143072e+00,4.319831302409494533e+00,9.618081466478715924e-02,-7.147268573106665412e-01
4.376111787736173930e+00,-3.068507486895113434e-01,-1.138703959806149024e+00,4.351067569883745989e+00,8.778765295517372558e-02,-6.581661770313378401e-01
4.364816214194696009e+00,-3.211871816124574619e-01,-1.179048134034068829e+00,4.343040015590946545e+00,8.860910297064754360e-02,-5.725345433792242700e-01
4.336696875234065551e+00,-3.227052432830335715e-01,-1.263999494317937566e+00,4.327102569232489593e+00,7.852103000200039151e-02,-4.757527567294430049e-01
4.216243723959380851e+00,-2.837717131343001631e-01,-1.220748103426017472e+00,4.427934600196726578e+00,4.152540292816791351e-02,-5.532972418925526936e-01
4.154940462034105053e+00,-2.791485813259136917e-01,-1.080570222135615488e+00,4.482178144977596368e+00,-4.125678424532515506e-04,-6.066918826625646854e-01
4.070293874301142090e+00,-2.454672585995293366e-01,-7.818002087903073161e-01,4.466731775646863412e+00,-1.880202761306656867e-02,-6.198804433461977403e-01
4.034561272470900128e+00,-1.864669925137493467e-01,-1.016456927289831169e+00,4.660338876043306655e+00,-3.472133532555319868e-01,-1.216964593532815275e+00
3.909175060605078578e+00,-1.661905522536086255e-01,-8.105987532575821275e-01,4.637397217928026727e+00,-3.721614467161398210e-01,-1.281508719566025079e+00
3.765414718412981365e+00,-1.409849306521518686e-01,-7.648818707954738727e-01,4.621675410558302666e+00,-3.834916517103710842e-01,-1.331078042400225536e+00
3.602613608199559003e+00,-8.983178214803023975e-02,-6.468483853275642792e-01,4.625355822444472409e+00,-3.964653418960281672e-01,-1.291444599307558061e+00
3.427976632609768703e+00,-3.399451689090498413e-02,-4.760119773123958065e-01,4.628755662564134177e+00,-4.221228754140878836e-01,-1.114957199501454888e+00
3.310077284622618965e+00,-1.265747636309564050e-01,-6.705447077312740589e-01,4.705158523974176887e+00,-5.619609171191042307e-01,-1.725067640978920291e+00
3.296230900518106299e+00,-1.716065105644705088e-02,-7.496078804924027894e-01,4.703043574366498447e+00,-5.613064729773310502e-01,-1.714867908174044997e+00
3.363705835427648783e+00,9.715041550243883051e-02,-4.846458330967044481e-01,4.681748223561829292e+00,-5.323940691080186749e-01,-1.531044833042999098e+00
3.574521330239086137e+00,-4.083940577949479039e-02,-7.419608032911010342e-01,4.650976396413767588e+00,-5.163107482410767002e-01,-1.490267143293654728e+00
3.775358335912859520e+00,-1.446747939756312940e-01,-9.120079030116704510e-01,4.623768380753947582e+00,-4.612703121894365932e-01,-1.498496316175255361e+00
3.928487491181543945e+00,-2.103610491002224359e-01,-1.291771197699782991e+00,4.627777980043071615e+00,-4.205576538891933613e-01,-1.490730180172872510e+00
4.046144135153520338e+00,-2.458987879077248473e-01,-8.852782507505616572e-01,4.668904706017267259e+00,-4.345858652233795527e-01,-1.439115302649855321e+00
4.136390296017331103e+00,-2.690885673449930904e-01,-8.719731111738302509e-01,4.735471839354461920e+00,-4.834113982333257398e-01,-1.365795560278122656e+00
4.281749789298785025e+00,-3.518424071511500606e-01,-1.441997054312108562e+00,4.717199147441069940e+00,-5.851825240663823813e-01,-1.304800302214076391e+00
4.490017222445660039e+00,-3.668705581656967474e-01,-1.599177423039116919e+00,4.855401127802556616e+00,-9.154125614272231592e-01,-1.610290594288823041e+00
4.548523861436954085e+00,-3.759048914714235856e-01,-1.538941240687670131e+00,4.876227510541131238e+00,-8.436093504660279185e-01,-1.620798257191976344e+00
4.584008195909045291e+00,-3.891696568536350820e-01,-1.550349102967424120e+00,4.893669181557132930e+00,-7.611342755169923091e-01,-1.681823331340963179e+00
4.755070930915952232e+00,-4.693850564688341609e-01,-1.857010542265751241e+00,5.049345479292330907e+00,-9.029903496027271714e-01,-2.220776293873634621e+00
4.780011932765878768e+00,-4.747663452788161709e-01,-1.921944235947538493e+00,5.085301914251870947e+00,-9.141737996786306608e-01,-2.175364049344708839e+00
4.805295376647807259e+00,-4.804638685625585159e-01,-1.768185054389409316e+00,5.120697020940601973e+00,-8.892314525512212686e-01,-2.085997787297661166e+00
4.676780009768564561e+00,-2.655053602781733413e-01,-1.262621247758435983e+00,5.049611804348840494e+00,-7.571514380064189309e-01,-1.725809967109132259e+00
4.645411910512902587e+00,-2.876685941137304137e-01,-1.265748553666395493e+00,5.046069225989135099e+00,-7.226637310659715929e-01,-1.706731144188895488e+00
4.638171511005264591e+00,-3.790688342031361402e-01,-1.605613919713529958e+00,4.884864940226609775e+00,-5.579338565270920425e-01,-1.425500188631324994e+00
4.667036661267388808e+00,-4.147305201470872782e-01,-1.663318206641245522e+00,4.860164383312405967e+00,-5.130285421003648594e-01,-1.336382111306899212e+00
4.696297323118656664e+00,-4.453269608395448165e-01,-1.691075890279165828e+00,4.838437005802729729e+00,-4.795825810203974693e-01,-1.266772018527541732e+00
4.725824335686211519e+00,-4.659887365544723159e-01,-1.632548223522683362e+00,4.828289563930979078e+00,-4.673267764328027374e-01,-1.241763614982119845e+00
4.755095379155017454e+00,-4.716707906177838305e-01,-1.512082461801152578e+00,4.829208522902105116e+00,-4.736774442577614264e-01,-1.309820384875132415e+00
4.781959285648916591e+00,-4.645677100742787169e-01,-1.404107326385260368e+00,4.832989671873469284e+00,-4.826714382391465441e-01,-1.428267945831835251e+00
4.803081544793670332e+00,-4.671365855109691489e-01,-1.412788281503678300e+00,4.831948095592059289e+00,-4.815814573843883450e-01,-1.492354962559874876e+00
4.807613808446570047e+00,-4.783140433708884531e-01,-1.526195273869602742e+00,4.814699858780938868e+00,-4.849376106474402870e-01,-1.667608156934434094e+00
4.791175605484576216e+00,-4.764620901823562460e-01,-1.743723076492281088e+00,4.796572196088446205e+00,-5.021189834929704610e-01,-1.834253332110003409e+00
4.749901587417584281e+00,-4.525239777866671975e-01,-1.397939609138444839e+00,4.794756400880358704e+00,-5.314890652585974040e-01,-1.753256016825549102e+00
4.695284756005754012e+00,-4.072609704955510446e-01,-1.415630538015368201e+00,4.803863023842360747e+00,-5.559694023670954666e-01,-1.696392454127698235e+00
4.656406422524869804e+00,-3.752853158591866745e-01,-1.608551344971544728e+00,4.819982856526274340e+00,-5.665115247180135816e-01,-1.735648090353033579e+00
4.651118980826956850e+00,-3.660456521519155904e-01,-1.448427809227299523e+00,4.847915204554314350e+00,-5.858625906162479025e-01,-1.836028124021712449e+00
4.529397966937898090e+00,-3.391552921205595594e-01,-1.485635831529248829e+00,4.975695049723936059e+00,-5.326517007280360261e-01,-1.937119359187569945e+00
4.520210010517829780e+00,-3.937777028977145766e-01,-1.380870689355703451e+00,4.995859171936356979e+00,-7.270096654710477280e-01,-1.991814544647905860e+00
4.524840599586776868e+00,-3.407089033998361716e-01,-1.505359646181779976e+00,5.032762610833370509e+00,-7.503471507295136345e-01,-1.911981476666511748e+00
4.535325447102072971e+00,-3.182552389363133005e-01,-1.428365991391838064e+00,5.058974136665574939e+00,-7.692557411340606999e-01,-1.822578853519952968e+00
4.541470936354619958e+00,-3.144079572970923664e-01,-1.834274560945518218e+00,5.073279241916088367e+00,-7.772684328515514496e-01,-1.783710519938608297e+00
4.542583007422479113e+00,-3.100468019818339860e-01,-1.357745693412764521e+00,5.080003253742245484e+00,-7.764076846729678349e-01,-1.919368912569139551e+00
4.540510644529268447e+00,-3.096369889768811334e-01,-1.255368691133658565e+00,5.089616156091866017e+00,-7.873609639732410681e-01,-2.031958103729501364e+00
4.536279788162991267e+00,-3.199716134497142539e-01,-1.208658386848866728e+00,5.110885216981168711e+00,-8.387166731556217059e-01,-1.769099327083883511e+00
4.530427646019735910e+00,-3.387512517620510089e-01,-1.094947184181763733e+00,5.140522136239216167e+00,-9.389464479909800376e-01,-1.661950374923134577e+00
4.514572782387352490e+00,-3.642013742175923552e-01,-1.151502715393974308e+00,5.153901123853281696e+00,-1.083947969738070505e+00,-1.570897781291940243e+00
4.501692595731541680e+00,-1.555480135566412458e-01,-1.170026756994150707e+00,5.066033930833307330e+00,-8.495443708436660746e-01,-1.426760440713551681e+00
4.441589838803823298e+00,-1.143624826573869657e-01,-9.439672053300064425e-01,5.141660766009088945e+00,-6.886736774583985810e-01,-1.916847387728030094e+00
4.330657526678184155e+00,-6.370691919306030460e-02,-7.412034743299611428e-01,5.122776316721676437e+00,-6.638356233653304184e-01,-1.919983507163044667e+00
4.217609925702278773e+00,-1.565464647940536386e-02,-5.801320310114738144e-01,5.103144690758369073e+00,-6.497190740700041767e-01,-1.840278115917900914e+00
4.110642013922452875e+00,2.174779768663864105e-02,-4.942684988082545749e-01,5.074911834616503192e+00,-6.248005380832044597e-01,-1.705010028916920994e+00
4.025509883183804760e+00,4.460319820389704176e-02,-4.626552523994697519e-01,5.026586328222267142e+00,-5.912347146209544491e-01,-1.590475171143259869e+00
3.975603350470299890e+00,5.441402146812376883e-02,-4.511337879930649719e-01,4.948565868573313153e+00,-5.414917136989831903e-01,-1.491330734486271403e+00
3.948971412521008695e+00,4.052282925920674267e-02,-4.359091457823577320e-01,4.831842632738239551e+00,-4.807333531481739475e-01,-1.269387753778758343e+00
3.896257780616429134e+00,1.337785923754515882e-01,-6.050712248278601324e-01,4.854932198144321198e+00,-3.369183471871467495e-01,-1.229754986381104587e+00
3.660168971837753915e+00,1.199442039642689833e-01,-5.487670498860058865e-01,5.013917857793980026e+00,-3.242967772981926178e-01,-1.528493506492401233e+00
3.632625969048009829e+00,9.914666006341366078e-02,-3.831202152446532283e-01,4.967414886880454183e+00,-3.209549542735931627e-01,-1.535132568595958480e+00
3.611543901064476092e+00,5.804304699108818466e-02,-5.354974812729141886e-01,4.915282978697852023e+00,-3.186257094718557559e-01,-1.580434365652187978e+00
3.610703052862198614e+00,-1.872094169183772042e-02,-8.039377693890020771e-01,4.869222972832659480e+00,-3.236560020762236922e-01,-1.589704616104697044e+00
3.643134210901049830e+00,-1.504134951173353163e-01,-8.703230864333502126e-01,4.842883681040359711e+00,-3.475080965394207744e-01,-1.459503457060593146e+00
3.742389338334731530e+00,-7.202357251264279725e-02,-2.646932180604359003e-02,4.559165375010787891e+00,-3.000518108442591925e-01,-9.121532742768094781e-01
3.802654234064482441e+00,-6.923242799387251123e-02,-2.597174023924443964e-01,4.571564586707624223e+00,-3.306960482811687196e-01,-9.433870440405702773e-01
3.855832640253339161e+00,-7.566764942666566462e-02,-4.312263746537156606e-01,4.546265566246621148e+00,-3.689766947184266455e-01,-1.013311549835858916e+00
3.910157334759048808e+00,-1.221987389735523927e-01,-6.846408863765813813e-01,4.498744979150919754e+00,-4.305781807735959421e-01,-1.031270327700476441e+00
3.967218388617436364e+00,-1.728121534593303199e-01,-8.875462845609355389e-01,4.444627406726590735e+00,-5.044204848215640968e-01,-9.952062209401792980e-01
4.041554527428210974e+00,-2.147276743247934216e-01,-9.531961880733424985e-01,4.406531594736297741e+00,-5.512451747615696451e-01,-1.024049634167802703e+00
